{
  "Base": {
    "perplexity": 4.652925968254855,
    "rouge_l": 0.2060484125909891
  },
  "OFT": {
    "perplexity": 4.318265980184765,
    "rouge_l": 0.21765326982713962
  }
}